<?xml version="1.0"?>
<!DOCTYPE hibernate-mapping PUBLIC "-//Hibernate/Hibernate Mapping DTD 3.0//EN"
"http://www.hibernate.org/dtd/hibernate-mapping-3.0.dtd">
<!-- Generated Nov 24, 2018 1:57:25 PM by Hibernate Tools 4.3.1 -->
<hibernate-mapping>
    <class name="pojos.Barang" table="Barang" catalog="db165314102" optimistic-lock="version">
        <id name="idBarang" type="string">
            <column name="ID_Barang" length="9" />
            <generator class="assigned" />
        </id>
        <property name="nama" type="string">
            <column name="nama" length="50" not-null="true" />
        </property>
        <property name="stok" type="int">
            <column name="stok" not-null="true" />
        </property>
        <property name="harga" type="double">
            <column name="harga" precision="22" scale="0" not-null="true" />
        </property>
    </class>
</hibernate-mapping>
